{
  "ie": {
    "6": 0,
    "7": 0,
    "8": 0,
    "9": 0,
    "10": 0,
    "11": 0,
    "5.5": 0
  },
  "edge": {
    "12": 0,
    "13": 0,
    "14": 0,
    "15": 0,
    "16": 0,
    "17": 0.010291242152927859,
    "18": 0.030873726458783574,
    "79": 0,
    "80": 0,
    "81": 0,
    "83": 0,
    "84": 0,
    "85": 0.010291242152927859,
    "86": 0,
    "87": 0,
    "88": 0.010291242152927859,
    "89": 0.041164968611711435,
    "90": 0.010291242152927859,
    "91": 1.245240300504271,
    "92": 0.9056293094576515
  },
  "firefox": {
    "2": 0,
    "3": 0,
    "4": 0,
    "5": 0,
    "6": 0,
    "7": 0,
    "8": 0,
    "9": 0,
    "10": 0,
    "11": 0,
    "12": 0,
    "13": 0,
    "14": 0,
    "15": 0,
    "16": 0,
    "17": 0,
    "18": 0,
    "19": 0,
    "20": 0,
    "21": 0,
    "22": 0,
    "23": 0,
    "24": 0,
    "25": 0,
    "26": 0,
    "27": 0,
    "28": 0,
    "29": 0,
    "30": 0,
    "31": 0,
    "32": 0,
    "33": 0,
    "34": 0,
    "35": 0,
    "36": 0,
    "37": 0,
    "38": 0,
    "39": 0,
    "40": 0,
    "41": 0,
    "42": 0,
    "43": 0,
    "44": 0,
    "45": 0,
    "46": 0,
    "47": 0,
    "48": 0,
    "49": 0,
    "50": 0,
    "51": 0,
    "52": 0.020582484305855717,
    "53": 0,
    "54": 0,
    "55": 0,
    "56": 0.010291242152927859,
    "57": 0,
    "58": 0,
    "59": 0,
    "60": 0,
    "61": 0,
    "62": 0,
    "63": 0.072038695070495,
    "64": 0,
    "65": 0,
    "66": 0,
    "67": 0,
    "68": 0.020582484305855717,
    "69": 0,
    "70": 0,
    "71": 0,
    "72": 0,
    "73": 0,
    "74": 0,
    "75": 0,
    "76": 0,
    "77": 0,
    "78": 0.216116085211485,
    "79": 0,
    "80": 0.010291242152927859,
    "81": 0,
    "82": 0.010291242152927859,
    "83": 0,
    "84": 0.010291242152927859,
    "85": 0.010291242152927859,
    "86": 0,
    "87": 0.020582484305855717,
    "88": 0.10291242152927857,
    "89": 3.128537614490069,
    "90": 3.3343624575486257,
    "91": 0.3293197488936915,
    "92": 0,
    "3.5": 0,
    "3.6": 0
  },
  "chrome": {
    "4": 0,
    "5": 0,
    "6": 0,
    "7": 0,
    "8": 0,
    "9": 0,
    "10": 0,
    "11": 0,
    "12": 0,
    "13": 0,
    "14": 0,
    "15": 0,
    "16": 0,
    "17": 0,
    "18": 0,
    "19": 0,
    "20": 0,
    "21": 0,
    "22": 0,
    "23": 0,
    "24": 0,
    "25": 0,
    "26": 0,
    "27": 0,
    "28": 0,
    "29": 0,
    "30": 0,
    "31": 0,
    "32": 0,
    "33": 0,
    "34": 0,
    "35": 0,
    "36": 0,
    "37": 0,
    "38": 0,
    "39": 0,
    "40": 0,
    "41": 0.010291242152927859,
    "42": 0,
    "43": 0,
    "44": 0,
    "45": 0,
    "46": 0,
    "47": 0,
    "48": 0,
    "49": 0,
    "50": 0,
    "51": 0,
    "52": 0,
    "53": 0,
    "54": 0.010291242152927859,
    "55": 0,
    "56": 0,
    "57": 0,
    "58": 0,
    "59": 0.010291242152927859,
    "60": 0,
    "61": 0,
    "62": 0,
    "63": 0,
    "64": 0.030873726458783574,
    "65": 0,
    "66": 0,
    "67": 0,
    "68": 0.041164968611711435,
    "69": 0,
    "70": 0.06174745291756715,
    "71": 0.020582484305855717,
    "72": 0.010291242152927859,
    "73": 0.020582484305855717,
    "74": 0.041164968611711435,
    "75": 0.010291242152927859,
    "76": 0.010291242152927859,
    "77": 0.010291242152927859,
    "78": 0.030873726458783574,
    "79": 0.020582484305855717,
    "80": 0.051456210764639285,
    "81": 0.06174745291756715,
    "83": 0.030873726458783574,
    "84": 1.955336009056293,
    "85": 0.072038695070495,
    "86": 0.19553360090562932,
    "87": 0.28815478028198,
    "88": 0.5042708654934651,
    "89": 1.1834928475867037,
    "90": 0.9159205516105794,
    "91": 35.247504373777915,
    "92": 16.579191108366782,
    "93": 0.11320366368220644,
    "94": 0.030873726458783574,
    "95": 0
  },
  "safari": {
    "4": 0,
    "5": 0,
    "6": 0,
    "7": 0,
    "8": 0,
    "9": 0,
    "10": 0,
    "11": 0,
    "12": 0,
    "13": 0.010291242152927859,
    "14": 0.7100957085520223,
    "15": 0.09262117937635073,
    "3.1": 0,
    "3.2": 0,
    "5.1": 0,
    "6.1": 0,
    "7.1": 0,
    "9.1": 0,
    "10.1": 0,
    "11.1": 0,
    "12.1": 0.010291242152927859,
    "13.1": 0.08232993722342287,
    "14.1": 2.119995883503139,
    "TP": 0
  },
  "opera": {
    "9": 0,
    "11": 0,
    "12": 0,
    "15": 0,
    "16": 0,
    "17": 0,
    "18": 0,
    "19": 0,
    "20": 0,
    "21": 0,
    "22": 0,
    "23": 0,
    "24": 0,
    "25": 0,
    "26": 0,
    "27": 0,
    "28": 0,
    "29": 0,
    "30": 0,
    "31": 0,
    "32": 0,
    "33": 0,
    "34": 0,
    "35": 0,
    "36": 0,
    "37": 0,
    "38": 0,
    "39": 0,
    "40": 0,
    "41": 0,
    "42": 0,
    "43": 0,
    "44": 0,
    "45": 0,
    "46": 0,
    "47": 0,
    "48": 0,
    "49": 0,
    "50": 0,
    "51": 0,
    "52": 0,
    "53": 0,
    "54": 0,
    "55": 0,
    "56": 0,
    "57": 0,
    "58": 0,
    "60": 0,
    "62": 0,
    "63": 0,
    "64": 0,
    "65": 0,
    "66": 0,
    "67": 0,
    "68": 0,
    "69": 0,
    "70": 0,
    "71": 0,
    "72": 0.010291242152927859,
    "73": 0.010291242152927859,
    "74": 0,
    "75": 0.010291242152927859,
    "76": 0.18524235875270145,
    "77": 2.1611608521148504,
    "9.5-9.6": 0,
    "10.0-10.1": 0,
    "10.5": 0,
    "10.6": 0,
    "11.1": 0,
    "11.5": 0,
    "11.6": 0,
    "12.1": 0
  },
  "ios_saf": {
    "8": 0,
    "3.2": 0,
    "4.0-4.1": 0,
    "4.2-4.3": 0,
    "5.0-5.1": 0,
    "6.0-6.1": 0,
    "7.0-7.1": 0,
    "8.1-8.4": 0,
    "9.0-9.2": 0,
    "9.3": 0,
    "10.0-10.2": 0,
    "10.3": 0,
    "11.0-11.2": 0.072038695070495,
    "11.3-11.4": 0.010291242152927859,
    "12.0-12.1": 0,
    "12.2-12.4": 0,
    "13.0-13.1": 0.041164968611711435,
    "13.2": 0.010291242152927859,
    "13.3": 0.06174745291756715,
    "13.4-13.7": 0.10291242152927857,
    "14.0-14.4": 0.6689307399403108,
    "14.5-14.7": 5.67047442626325
  },
  "op_mini": {
    "all": 0
  },
  "android": {
    "3": 0,
    "4": 0,
    "92": 0.8232993722342286,
    "2.1": 0,
    "2.2": 0,
    "2.3": 0,
    "4.1": 0,
    "4.2-4.3": 0,
    "4.4": 0,
    "4.4.3-4.4.4": 0
  },
  "bb": {
    "7": 0,
    "10": 0
  },
  "op_mob": {
    "10": 0.072038695070495,
    "11": 0.072038695070495,
    "12": 0.072038695070495,
    "64": 0.072038695070495,
    "11.1": 0.072038695070495,
    "11.5": 0.072038695070495,
    "12.1": 0.072038695070495
  },
  "and_chr": {
    "92": 17.30986930122466
  },
  "and_ff": {
    "90": 0.3807759596583307
  },
  "ie_mob": {
    "10": 0,
    "11": 0
  },
  "and_uc": {
    "12.12": 0.216116085211485
  },
  "samsung": {
    "4": 0,
    "5.0-5.4": 0,
    "6.2-6.4": 0,
    "7.2-7.4": 0,
    "8.2": 0,
    "9.2": 0,
    "10.1": 0,
    "11.1-11.2": 0,
    "12.0": 0,
    "13.0": 0,
    "14.0": 0
  },
  "and_qq": {
    "10.4": 0
  },
  "baidu": {
    "7.12": 0
  },
  "kaios": {
    "2.5": 0
  }
}
